{
  "taxes": {
    "income": {
      "rate": [
        [0, 0.00495],
        [5200, 0.0099],
        [10400, 0.0198],
        [15650, 0.02476],
        [20900, 0.02969],
        [41700, 0.03465],
        [83350, 0.0396],
        [104250, 0.04597],
        [208500, 0.04997]
      ],
      "deductions": {
        "personalExemption": {
          "amount": {
            "single": 2200,
            "married": 4400
          }
        },
        "dependents": {
          "amount": 2200
        }
      },
      "source": {
        "name": "State Individual Income Tax Rates and Brackets for 2016 - Tax Foundation",
        "url": "//taxfoundation.org/state-individual-income-tax-rates-and-brackets-2016/"
      }
    }
  }
}